MedInc,AveRooms,MedHouseVal
8.3252,6.984126984126984,4.526
8.3014,6.238137082601054,3.585
7.2574,8.288135593220339,3.521
5.6431,5.8173515981735155,3.413
3.8462,6.281853281853282,3.422
4.0368,4.761658031088083,2.697
3.6591,4.9319066147859925,2.992
3.12,4.797527047913447,2.414
2.0804,4.294117647058823,2.267
3.6912,4.970588235294118,2.611
