rmse,r2
0.8420901241414454,0.45885918903846656
