model,feature,target,normalize,test_size,seed,rmse,mae,r2,notes
sklearn,MedInc,MedHouseVal,True,0.2,42,0.8420901241414454,0.629908653009376,0.45885918903846656,Session1 notebook (scaled feature)
scratch,MedInc,MedHouseVal,True,0.2,42,0.8420901241414454,0.6299086530093739,0.45885918903846656,"GD lr=0.01, iters=2000 (scaled feature)"
sklearn,0.8420901241414454,0.629908653009376,0.45885918903846656
scratch,0.8420901241414454,0.6299086530093739,0.45885918903846656
sklearn,0.8420901241414454,0.629908653009376,0.45885918903846656
scratch,0.8420901241414454,0.6299086530093739,0.45885918903846656
